{"accuracy": [0.5978376865386963, 0.8573440313339233, 0.9107902646064758, 0.939369797706604, 0.9544064402580261, 0.9639661312103271, 0.9714346528053284, 0.9738814830780029, 0.9788604974746704, 0.9819048047065735], "loss": [1.3701567649841309, 0.45117124915122986, 0.27285414934158325, 0.18520638346672058, 0.14031048119068146, 0.1093507707118988, 0.08780384063720703, 0.07805418223142624, 0.0649646669626236, 0.05632970482110977], "val_accuracy": [0.8459481000900269, 0.8828818798065186, 0.919986367225647, 0.9403596520423889, 0.9475870728492737, 0.9472455978393555, 0.9568631649017334, 0.9495219588279724, 0.959537923336029, 0.9678465723991394], "val_loss": [0.49943819642066956, 0.36925384402275085, 0.2442370504140854, 0.1794024109840393, 0.15836384892463684, 0.1656917780637741, 0.15009962022304535, 0.1721334159374237, 0.12797999382019043, 0.11229793727397919]}